Workbook

Sheet Employé 
A1: Nom | B1: Prénom | C1: Fonction | D1: Code
A2: Bourhane | B2: Attoumane | C2: =Salaire!A2 -> Chef de projet | D2: =Salaire!E2 -> 1
A3: Mallet | B3: Maêl | C3: =Salaire!A3 -> Dévellopeur Web | D3: =Salaire!E3 -> 2
A4: MADZOU-A-MIERE | B4: Glenn | C4: =Salaire!A3 -> Dévellopeur Web | D4: =Salaire!E3 -> 2
A5: SONGORO | B5: Lionel | C5: =Salaire!A5 -> Business analyst | D5: =Salaire!E5 -> 4
A6: AYHAN | B6: Téoman | C6: =Salaire!A5 -> Business analyst | D6: =Salaire!E5 -> 4

Sheet Salaire
A1: Intitulé | B1: Taux horaire brut | C1: Taux journalier brut | D1: Taux mensuel brut | E1: Code | F1: Effectif Total | G1: Coût Journalier total | H1: Coût Mensuel total
A2: Chef de projet | B2: 23.06 | C2: =B2*7 -> 161.42 | D2: =B2*140 -> 3228.4 | E2: 1 | F2: =COUNTIF('Employé '!D:D,1) -> 1 | G2: =C2*F2 -> 161.42 | H2: =D2*F2 -> 3228.4
A3: Dévellopeur Web | B3: 20.33 | C3: =B3*7 -> 142.31 | D3: =B3*140 -> 2846.2 | E3: 2 | F3: =COUNTIF('Employé '!D:D,2) -> 2 | G3: =C3*F3 -> 284.62 | H3: =D3*F3 -> 5692.4
A4: Concepteur de base de données (externe) | B4: 18.68 | C4: =B4*7 -> 130.76 | D4: =C4*17 -> 2222.92 | E4: 3 | F4: 1 | G4: =C4*F4 -> 130.76 | H4: =G4*17 -> 2222.92 | I4: Totaux Mensuel
A5: Business analyst | B5: 24.73 | C5: =B5*7 -> 173.11 | D5: =B5*140 -> 3462.2 | E5: 4 | F5: =COUNTIF('Employé '!D:D,4) -> 2 | G5: =C5*F5 -> 346.22 | H5: =D5*F5 -> 6924.4 | I5: =H2+H3+H5 -> 15845.2
A16: ML
A17: ML

Sheet Infrastructure et Formation
A1: Serveurs cloud | D1: Formation
A2: Coüts mensuel estimé | B2: 738.79 | D2: Coüts mensuel estimé | E2: 2000
A3: Coût annuel estimé | B3: =B2*12 -> 8865.48

Sheet Coût total
A1: Durée | B1: Cout tôtal
A2: 4 mois | B2: =Salaire!I5*4+Salaire!H4+'Infrastructure et Formation'!B2*4+'Infrastructure et Formation'!E2 -> 70558.88
A3: 5 mois | B3: =Salaire!I5*5+Salaire!H4+'Infrastructure et Formation'!B2*5+'Infrastructure et Formation'!E2 -> 87142.87
A4: 6 mois | B4: =Salaire!I5*6+Salaire!H4+'Infrastructure et Formation'!B2*6+'Infrastructure et Formation'!E2 -> 103726.86
A5: 10 mois | B5: =Salaire!I5*10+Salaire!H4+'Infrastructure et Formation'!B2*10+'Infrastructure et Formation'!E2 -> 170062.82
